sdp_objval,sdp_solvetime,num_cones,problem_dim,x_dim,num_Aeq,num_Au,num_Al,mosek_tol,sdp_canontime,seed,start,rho,T,K
3.7874543963312135e-06,28.413753380067647,10,169,14365,3321,79,28432,1e-07,34.413811445236206,0,cs,rho_adj,5,1
87.80588205498391,147.47465583169833,22,241,29161,7905,119,57920,1e-07,85.95774817466736,0,cs,rho_adj,5,2
7.856076989398019,651.8522952478379,42,313,49141,13769,159,97776,1e-07,158.68244171142578,0,cs,rho_adj,5,3
2.1874768247315046,2350.896478369832,70,385,74305,20913,199,148000,1e-07,279.47303342819214,0,cs,rho_adj,5,4
1.9402188253804624,2905.614395204,106,457,104653,29337,239,208592,1e-07,423.4030771255493,0,cs,rho_adj,5,5
