sdp_objval,sdp_solvetime,num_cones,problem_dim,x_dim,num_Aeq,num_Au,num_Al,mosek_tol,sdp_canontime,seed,start,rho,T,K
5.141131975756764,6175.302641989198,150,529,140185,39041,279,279552,1e-07,640.4654223918915,0,cs,rho_const,5,6
1.9551186222229155,8010.3097332390025,150,529,140185,39041,279,279552,1e-07,637.5912413597107,0,cs,rho_adj,5,6
