sdp_objval,sdp_solvetime,num_cones,problem_dim,x_dim,num_Aeq,num_Au,num_Al,mosek_tol,sdp_canontime,seed,start,rho,T,K
39.65323640536047,59.26741263800068,10,169,14365,3321,90,28432,1e-07,34.13012886047363,0,ws,rho_const,5,1
39.316199094200655,242.7489948849543,22,241,29161,7905,130,57920,1e-07,85.36893320083618,0,ws,rho_const,5,2
39.65308107347988,60.2245367570431,10,169,14365,3321,90,28432,1e-07,35.4610493183136,0,ws,rho_adj,5,1
87.80614566634316,341.3076434429968,22,241,29161,7905,130,57920,1e-07,89.0825126171112,0,ws,rho_adj,5,2
