sdp_objval,sdp_solvetime,num_cones,problem_dim,x_dim,num_Aeq,num_Au,num_Al,mosek_tol,sdp_canontime,seed,start,rho,T,K
2.194775081416502,2118.504717808042,70,385,74305,20913,210,148000,1e-07,313.85540533065796,0,ws,rho_adj,5,4
1.9250109177773709,4252.806148058036,106,457,104653,29337,250,208592,1e-07,468.10576725006104,0,ws,rho_adj,5,5
