glob_objval,glob_runtime,glob_bestbound,gap,seed,start,rho,T,K
0.02849023247476623,3600.012368917465,0.1758140689572771,5.171029636665669,0,ws,rho_adj,5,5
0.0043325665816098535,3600.012324810028,0.03349889156041996,6.731881537057133,0,ws,rho_adj,5,6
0.0009154931520924947,3600.0564460754395,0.08822820058644021,95.37232172057392,0,ws,rho_adj,5,7
