glob_objval,glob_runtime,glob_bestbound,gap,seed,start,rho,T,K
39.654217658812094,0.020824909210205078,39.65421765881202,0.0,0,ws,rho_adj,5,1
87.80625258590307,0.028202056884765625,87.86892793540542,0.0007137914175421569,0,ws,rho_adj,5,2
6.546199305355685,0.7593019008636475,6.611440534766135,0.009966276058395264,0,ws,rho_adj,5,3
0.23541424012960022,3600.026880979538,0.2552637255365562,0.08431726728182812,0,ws,rho_adj,5,4
