sdp_objval,sdp_solvetime,num_cones,problem_dim,x_dim,num_Aeq,num_Au,num_Al,mosek_tol,sdp_canontime,seed,start,rho,T,K
3.8685933920287567,7122.250011894037,150,529,140185,39041,290,279552,1e-07,688.2716608047485,0,ws,rho_const,5,6
0.10076869413515865,6655.0273005360505,150,529,140185,39041,290,279552,1e-07,694.1686546802521,0,ws,rho_adj,5,6
