K,const_samp_max,adj_samp_max,const_pep
1.0,36.781559429031205,36.7815723250429,394.28231909855066
2.0,34.925911087444916,79.85782286153349,73.9279343115388
3.0,13.295609106528442,5.702623376169247,21.805152817287354
4.0,7.705697520442939,0.21653925763082998,10.330207784665895
5.0,5.40711505598127,0.027030142215349065,6.441880397367334
6.0,3.802764314544728,0.003984397516930661,4.4076672522720814
7.0,2.6742691669439003,0.0008860960358226932,3.2055157310460327
