Sched,t,K,SDP obj,Sample Obj,PEP obj,SDP solve time(s),SDP improv,Samp improv
Nonstrongly cvx.,0.014142136,1,88.06453814,87.47536162,678.9891962,67.97213544,7.710131803,7.762062181
,0.02,2,28.09590862,27.90702193,298.6894761,149.5545865,10.63106661,10.70302223
,0.014142136,3,3.00654684,2.972530755,146.5285234,267.4021066,48.73648447,49.29419928
,0.034142136,4,8.158057522,8.058538757,147.8936703,384.909828,18.12853978,18.35241782
,0.014142136,5,0.209990233,0.184304663,147.2322566,700.216668,701.1385938,798.8525876
,0.02,6,0.24635061,0.21302487,50.54577904,669.7433262,205.1782174,237.2764223
,0.014142136,7,0.094515743,0.044295712,25.26695858,1036.285924,267.3306889,570.4154483
