Sched,t,K,SDP obj,Sample Obj,PEP obj,SDP solve time(s),SDP improv,Samp improv
Nonstrongly cvx.,0.014142136,1,88.06453814,87.47536162,891.5747852,67.97213544,10.12410675,10.19229608
,0.02,2,28.09590862,27.90702193,384.923952,149.5545865,13.70035606,13.79308595
,0.014142136,3,3.00654684,2.972530755,152.9593464,267.4021066,50.87542439,51.4576161
,0.034142136,4,8.158057522,8.058538757,163.6630726,384.909828,20.06152471,20.30927412
,0.014142136,5,0.209990233,0.184304663,152.929099,700.216668,728.2676763,829.762506
,0.02,6,0.24635061,0.21302487,51.89971235,669.7433262,210.6741784,243.6321747
,0.014142136,7,0.094515743,0.044295712,26.00464913,1036.285924,275.1356367,587.0692208
