sched,K,tau
silver,1,887.7940485478841
fixed,1,998.7683356409074
silver,2,390.5433820772532
fixed,2,263.0500774256815
silver,3,191.58945034943005
fixed,3,65.01928975429612
silver,4,193.37437496260333
fixed,4,33.11949479668273
silver,5,192.50967096899953
fixed,5,20.452425202500145
silver,6,66.08976085266718
fixed,6,13.871780391904027
silver,7,33.03713154584935
fixed,7,10.021961712165425
