sched,K,tau
silver,1,343.7481192145479
silver,2,86.28551175133641
silver,3,29.112042880771924
silver,4,11.628559841447995
silver,5,7.291217715925726
silver,6,1.5430661257965408
silver,7,0.5337961027644977
silver,8,0.30343915324250187
silver,9,0.23765513667709456
silver,10,0.050279675959858536
