sched,K,sample_num,resid
fixed,1,10000,98.40978182775983
fixed,2,10000,14.12755951494625
fixed,3,10000,4.834448988412999
fixed,4,10000,2.0006262021806736
fixed,5,10000,0.9419980071297923
fixed,6,10000,0.4752174975107975
fixed,7,10000,0.2512894664185335
silver,1,10000,87.47536162467537
silver,2,10000,27.907021929205385
silver,3,10000,2.972530755297679
silver,4,10000,8.058538756908305
silver,5,10000,0.18430466260387862
silver,6,10000,0.21302487012350377
silver,7,10000,0.044295712288225646
