sched,K,sample_num,resid
fixed,1,100,95.52694568984572
fixed,2,100,8.915388336840563
fixed,3,100,4.062426084588499
fixed,4,100,2.497914743277496
fixed,5,100,1.6867407394117764
fixed,6,100,1.196300580721212
fixed,7,100,0.8669228330616163
silver,1,100,84.91284061319621
silver,2,100,15.69260481166291
silver,3,100,3.115555365952684
silver,4,100,11.608088355940811
silver,5,100,0.8246735821386811
silver,6,100,1.2172118170294504
silver,7,100,0.4132853858838072
