Sched,t,K,SDP obj,Sample Obj,PEP obj,SDP solve time(s),SDP improv,Samp improv
Strongly cvx.,0.013507811,1,120.2202312,119.4769293,343.7481192,71.69979968,2.859320064,2.877108754
,0.017713243,2,10.44404783,10.35291331,86.28551175,158.0601481,8.261692512,8.334418455
,0.013507811,3,0.175045753,0.169401027,29.11204287,304.914188,166.3110494,171.8528121
,0.024232064,4,0.083953514,0.070340992,11.62856115,421.3979951,138.5119049,165.3169911
,0.013507811,5,0.014392728,0.000453705,7.291221172,616.6460109,506.5906319,16070.40075
,0.017713243,6,0.032051616,0.0000722,1.543066126,1015.29229,48.14316152,21368.17077
,0.013507811,7,0.00744378,0.00000161,0.533796424,966.9067391,71.71039767,332430.1718
