sdp_objval,sdp_solvetime,num_cones,problem_dim,x_dim,num_Aeq,num_Au,num_Al,mosek_tol,sdp_canontime,orig_m,orig_n,b_r,b_c,K,t
0.05452170690335478,980.0080723809078,10.0,501.0,125751.0,401.0,2.0,250900.0,1e-07,499.854975938797,60.0,40.0,0.5,30.0,10.0,0.010000000000000004
0.007589028496720829,1009.6475481749512,10.0,501.0,125751.0,401.0,2.0,250900.0,1e-07,504.8294575214386,60.0,40.0,0.5,30.0,10.0,0.012500000000000006
0.015934614440251238,893.6567074488848,10.0,501.0,125751.0,401.0,2.0,250900.0,1e-07,505.8550429344177,60.0,40.0,0.5,30.0,10.0,0.015000000000000006
0.011468551875285726,973.6610568752512,10.0,501.0,125751.0,401.0,2.0,250900.0,1e-07,509.24224376678467,60.0,40.0,0.5,30.0,10.0,0.016666666666666653
0.009897896003909779,1145.2593169030733,10.0,501.0,125751.0,401.0,2.0,250900.0,1e-07,507.1390686035156,60.0,40.0,0.5,30.0,10.0,0.01750000000000001
0.060704499092086195,1180.4665314438753,10.0,501.0,125751.0,401.0,2.0,250900.0,1e-07,498.77464294433594,60.0,40.0,0.5,30.0,10.0,0.020000000000000007
