sdp_objval,sdp_solvetime,num_cones,problem_dim,x_dim,num_Aeq,num_Au,num_Al,mosek_tol,sdp_canontime,orig_m,orig_n,b_r,b_c,K,t
0.00751756940599968,855.5514840767719,9.0,461.0,106491.0,361.0,2.0,212420.0,1e-07,401.95800018310547,60.0,40.0,0.5,30.0,9.0,0.010000000000000004
0.024080400967974036,833.0669732950628,9.0,461.0,106491.0,361.0,2.0,212420.0,1e-07,408.1654176712036,60.0,40.0,0.5,30.0,9.0,0.012500000000000006
0.021121442875825736,895.6169362189248,9.0,461.0,106491.0,361.0,2.0,212420.0,1e-07,401.88248229026794,60.0,40.0,0.5,30.0,9.0,0.015000000000000006
0.010531060597454456,983.3648581160232,9.0,461.0,106491.0,361.0,2.0,212420.0,1e-07,400.3556332588196,60.0,40.0,0.5,30.0,9.0,0.016666666666666653
0.03352960763809776,984.2870890079066,9.0,461.0,106491.0,361.0,2.0,212420.0,1e-07,400.5576021671295,60.0,40.0,0.5,30.0,9.0,0.01750000000000001
0.0736591342759656,948.1597865731455,9.0,461.0,106491.0,361.0,2.0,212420.0,1e-07,398.6905953884125,60.0,40.0,0.5,30.0,9.0,0.020000000000000007
