objval,solvetime,num_cones,x_dim,Aeq_nnz,Au_nnz,Al_nnz,canontime
0.04498944932632298,0.46462106704711914,48.0,2415.0,6250.0,13.0,12332.0,2.1432738304138184
