sdp_objval,sdp_solvetime,num_cones,problem_dim,x_dim,num_Aeq,num_Au,num_Al,mosek_tol,sdp_canontime,orig_m,orig_n,b_r,b_c,K,t
0.0523660899874443,795.5574822870549,9.0,461.0,106491.0,361.0,2.0,212780.0,1e-07,408.05694007873535,60.0,40.0,0.5,20.0,9.0,0.010000000000000004
0.04781716664789393,800.805681142956,9.0,461.0,106491.0,361.0,2.0,212780.0,1e-07,410.2555136680603,60.0,40.0,0.5,20.0,9.0,0.012500000000000006
0.09623493555514706,941.0354816049803,9.0,461.0,106491.0,361.0,2.0,212780.0,1e-07,412.457147359848,60.0,40.0,0.5,20.0,9.0,0.015000000000000006
0.07773575433549595,763.2464945220854,9.0,461.0,106491.0,361.0,2.0,212780.0,1e-07,413.07379937171936,60.0,40.0,0.5,20.0,9.0,0.016666666666666653
0.11036465731357659,873.514603322139,9.0,461.0,106491.0,361.0,2.0,212780.0,1e-07,408.7009606361389,60.0,40.0,0.5,20.0,9.0,0.01750000000000001
0.184849795360309,1099.2233349168673,9.0,461.0,106491.0,361.0,2.0,212780.0,1e-07,408.5190005302429,60.0,40.0,0.5,20.0,9.0,0.020000000000000007
