sdp_objval,sdp_solvetime,num_cones,problem_dim,x_dim,num_Aeq,num_Au,num_Al,mosek_tol,sdp_canontime,orig_m,orig_n,b_r,b_c,K,t
0.06777220792158722,570.0435091110412,9.0,461.0,106491.0,361.0,2.0,212780.0,1e-07,307.43277287483215,60.0,40.0,1.0,20.0,9.0,0.010000000000000012
0.03780114220606734,586.5541149028577,9.0,461.0,106491.0,361.0,2.0,212780.0,1e-07,304.18409395217896,60.0,40.0,1.0,20.0,9.0,0.012500000000000016
0.11264047574645097,557.2758739669807,9.0,461.0,106491.0,361.0,2.0,212780.0,1e-07,304.4006824493408,60.0,40.0,1.0,20.0,9.0,0.015000000000000019
0.12497450342728555,581.8613420659676,9.0,461.0,106491.0,361.0,2.0,212780.0,1e-07,304.6762602329254,60.0,40.0,1.0,20.0,9.0,0.016666666666666673
0.06755724101768656,766.5365736470558,9.0,461.0,106491.0,361.0,2.0,212780.0,1e-07,303.60806131362915,60.0,40.0,1.0,20.0,9.0,0.017500000000000022
0.42853447134766753,918.636251773918,9.0,461.0,106491.0,361.0,2.0,212780.0,1e-07,303.71491527557373,60.0,40.0,1.0,20.0,9.0,0.020000000000000025
