sdp_objval,sdp_solvetime,num_cones,problem_dim,x_dim,num_Aeq,num_Au,num_Al,mosek_tol,sdp_canontime,orig_m,orig_n,b_r,b_c,K,t
0.050042094617584354,667.2716663209721,10.0,501.0,125751.0,401.0,2.0,251300.0,1e-07,379.7330160140991,60.0,40.0,1.0,20.0,10.0,0.010000000000000012
0.11844752645546386,680.2577078309841,10.0,501.0,125751.0,401.0,2.0,251300.0,1e-07,375.3030092716217,60.0,40.0,1.0,20.0,10.0,0.012500000000000016
0.09315410085756781,668.8794148068409,10.0,501.0,125751.0,401.0,2.0,251300.0,1e-07,377.08261466026306,60.0,40.0,1.0,20.0,10.0,0.015000000000000019
0.09875064697071245,709.4559032749385,10.0,501.0,125751.0,401.0,2.0,251300.0,1e-07,378.4712436199188,60.0,40.0,1.0,20.0,10.0,0.016666666666666673
0.15272486176448652,771.0327898790129,10.0,501.0,125751.0,401.0,2.0,251300.0,1e-07,380.9086515903473,60.0,40.0,1.0,20.0,10.0,0.017500000000000022
0.4734254424341202,1115.5918367810082,10.0,501.0,125751.0,401.0,2.0,251300.0,1e-07,375.23534893989563,60.0,40.0,1.0,20.0,10.0,0.020000000000000025
