sdp_objval,sdp_solvetime,num_cones,problem_dim,x_dim,num_Aeq,num_Au,num_Al,mosek_tol,sdp_canontime,orig_m,orig_n,b_r,b_c,K,t
0.04674075295248947,964.5952759180218,10.0,501.0,125751.0,401.0,2.0,251300.0,1e-07,499.1384508609772,60.0,40.0,0.5,20.0,10.0,0.010000000000000004
0.07856391760848336,929.3438826389611,10.0,501.0,125751.0,401.0,2.0,251300.0,1e-07,496.013236284256,60.0,40.0,0.5,20.0,10.0,0.012500000000000006
0.08417274075685555,872.5532634600531,10.0,501.0,125751.0,401.0,2.0,251300.0,1e-07,496.43747448921204,60.0,40.0,0.5,20.0,10.0,0.015000000000000006
0.08733900494629321,1014.5612397119403,10.0,501.0,125751.0,401.0,2.0,251300.0,1e-07,497.01834082603455,60.0,40.0,0.5,20.0,10.0,0.016666666666666653
0.10750289334012475,1067.2987686749548,10.0,501.0,125751.0,401.0,2.0,251300.0,1e-07,495.57763600349426,60.0,40.0,0.5,20.0,10.0,0.01750000000000001
0.19061145752048603,1292.9690256998874,10.0,501.0,125751.0,401.0,2.0,251300.0,1e-07,497.4535768032074,60.0,40.0,0.5,20.0,10.0,0.020000000000000007
