glob_objval,glob_solvetime
0.12396439282576566,3.005642890930176
0.12848445821955679,3.009943962097168
0.18473851513944695,3.0051498413085938
