sdp_objval,sdp_solvetime,num_cones,x_dim,num_Aeq,Aeq_nnz,num_Au,Au_nnz,num_Al,Al_nnz,sdp_canontime,orig_m,orig_n,z_dim,K,warm_start
0.06209921220946546,1309.5544712859992,186,55945,20127,91553,14,41,111332,301824,157.04238939285278,3,4,36,5,False
0.026838613808115808,1327.000997123003,186,55945,20127,91553,14,47,111332,306288,155.41250133514404,3,4,36,5,True
