sdp_objval,sdp_solvetime,num_cones,x_dim,num_Aeq,Aeq_nnz,num_Au,Au_nnz,num_Al,Al_nnz,sdp_canontime,orig_m,orig_n,z_dim,K,warm_start
0.03619389852449223,2428.882518145023,186,55945,20127,91553,14,41,111332,300078,219.17542505264282,3,4,36,5,False
0.022958546700903804,2474.6836489059497,186,55945,20127,91553,14,47,111332,305207,208.09311771392822,3,4,36,5,True
