sdp_objval,sdp_solvetime,num_cones,x_dim,num_Aeq,Aeq_nnz,num_Au,Au_nnz,num_Al,Al_nnz,sdp_canontime,orig_m,orig_n,z_dim,K,warm_start
0.0473095171355446,769.9856140610063,125,37675,14753,67725,14,41,74890,198744,105.34203004837036,3,4,36,4,False
0.03547848693404271,685.1794896610081,125,37675,14753,67725,14,47,74890,202913,96.16303062438965,3,4,36,4,True
