sdp_objval,sdp_solvetime,num_cones,problem_dim,x_dim,num_Aeq,num_Au,num_Al,sdp_canontime,orig_m,orig_n,z_dim,c_mul,K,init_type,seed
5.395577031928127,9372.4343749939,78,436,95266,38221,17,189860,444.0574314594269,10,5,25,10,5,cs,0
5.506347328114543,9423.812207435956,78,436,95266,38221,17,189860,449.26773738861084,10,5,25,10,5,heur,0
