sdp_objval,sdp_solvetime,num_cones,problem_dim,x_dim,num_Aeq,num_Au,num_Al,mosek_tol,sdp_canontime,orig_m,orig_n,z_dim,c_mul,K,init_type,seed
6.796291921965079,8386.318757714005,78,436,95266,38221,17,189860,1e-07,334.7327399253845,10,5,25,10,5,cs,0
4.534143815460908,9067.835118656978,78,436,95266,38221,17,189860,1e-07,340.05086970329285,10,5,25,10,5,heur,0
5.039084088277463,9879.641860353062,78,436,95266,38221,17,189860,1e-07,363.9601790904999,10,5,25,10,5,ws,0
