type,K,tau
cs,1,289.9469820059131
ws,1,243.76732383229182
heur,1,265.84186237539336
cs,2,141.43343589893283
ws,2,97.84548002485674
heur,2,118.68881737984024
cs,3,72.39475141038648
ws,3,29.246132088463344
heur,3,56.4254137839159
cs,4,33.03774645811882
ws,4,19.367387190294732
heur,4,28.251589105860802
cs,5,19.8070347714742
ws,5,14.100054596383947
heur,5,17.107217095805467
