type,K,sample_num,res
cs,1,10000,212.6575297210586
cs,2,10000,14.310545426815915
cs,3,10000,7.027560884056962
cs,4,10000,4.763961136264442
cs,5,10000,2.425036055547714
heur,1,10000,177.75088327539223
heur,2,10000,19.90299290532851
heur,3,10000,8.945575011553606
heur,4,10000,6.040071923764038
heur,5,10000,2.6726068043814064
ws,1,10000,187.49330742481433
ws,2,10000,19.97016749215229
ws,3,10000,7.539445266727088
ws,4,10000,5.079194628611037
ws,5,10000,1.9598004823368826
