type,K,tau
cs,1,983.7195327000603
ws,1,12.995324713852133
cs,2,245.9298775887588
ws,2,3.2488311467427584
cs,3,115.73676222479055
ws,3,1.528928465315397
cs,4,62.05712092730581
ws,4,0.8197989757171315
cs,5,35.56720248772973
ws,5,0.46985691007999486
