type,K,tau
cs,1,290.0869008826564
ws,1,244.01015195659005
heur,1,265.9707613755593
cs,2,141.56540228702875
ws,2,98.07483083650246
heur,2,118.81048861706496
cs,3,72.47711971259027
ws,3,30.079757382833993
heur,3,56.525124696482365
cs,4,33.06314343311902
ws,4,19.647202561798906
heur,4,28.283362568147325
cs,5,19.822084388544464
ws,5,14.181815574599598
heur,5,17.122366533281692
