type,K,tau
cs,1,983.7195327000603
ws,1,12.995324713852133
heur,1,477.99737208692255
cs,2,245.9298775887588
ws,2,3.2488311467427584
heur,2,119.49934177811885
cs,3,115.73676222479055
ws,3,1.528928465315397
heur,3,56.23743791522362
cs,4,62.05712092730581
ws,4,0.8197989757171315
heur,4,30.154065011568324
cs,5,35.56720248772973
ws,5,0.46985691007999486
heur,5,17.282397726516795
