sdp_objval,sdp_solvetime,num_cones,problem_dim,x_dim,num_Aeq,Aeq_nnz,num_Au,Au_nnz,num_Al,Al_nnz,sdp_canontime,orig_m,orig_n,b_r,K,t
115.90996882120392,2.795628070831299,10.0,71.0,2556.0,1051.0,42996.0,2.0,50.0,3470.0,8730.0,1.9666130542755127,20.0,10.0,1.0,1.0,0.05478709110092576
