sdp_objval,sdp_solvetime,num_cones,problem_dim,x_dim,num_Aeq,num_Au,num_Al,sdp_canontime,orig_m,orig_n,b_r,K,t,alg
0.2377994899577227,560.3419334409991,163,396,78606,26551,2,156780,259.07770109176636,20,15,0.5,6,0.01,ista
0.05332069722028887,2267.4848845960805,299,501,125751,39511,3,250860,444.03799295425415,20,15,0.5,6,0.01,fista
0.19848777097774883,788.1969669490354,218,456,104196,34126,2,207900,360.4176776409149,20,15,0.5,7,0.01,ista
