sdp_objval,sdp_solvetime,num_cones,problem_dim,x_dim,num_Aeq,num_Au,num_Al,mosek_tol,sdp_canontime,orig_m,orig_n,b_cmul,b_r,K,t,alg,lambd
0.15632135064902952,1364.6963586830534,218,456,104196,34126,2,207900,1e-07,476.8315873146057,20,15,10,0.5,7,0.01,ista,5
0.14059128186227587,5687.84211933706,401,576,166176,50821,3,331620,1e-07,866.3225581645966,20,15,10,0.5,7,0.01,fista,5
