sdp_objval,sdp_solvetime,num_cones,problem_dim,x_dim,num_Aeq,num_Au,num_Al,mosek_tol,sdp_canontime,orig_m,orig_n,b_cmul,b_r,K,t,alg,lambd
0.19534369650948857,693.4051200009417,163,396,78606,26551,2,156780,1e-07,340.982209444046,20,15,10,0.5,6,0.01,ista,5
0.046090066065096025,2886.7483995729126,299,501,125751,39511,3,250860,1e-07,590.2634932994843,20,15,10,0.5,6,0.01,fista,5
0.15632135064902952,1326.7580236298963,218,456,104196,34126,2,207900,1e-07,476.76707911491394,20,15,10,0.5,7,0.01,ista,5
0.14059128186227587,5687.84211933706,401,576,166176,50821,3,331620,1e-07,866.3225581645966,20,15,10,0.5,7,0.01,fista,5
