glob_objval,glob_runtime,gap,orig_m,orig_n,b_r,K,t
0.21654746156327997,15.05466604232788,0.9240158552344164,20.0,10.0,1.0,8.0,0.01
