t,K,ista_tau,fista_tau
0.04,1.0,227.0008646843182,227.0008646843182
0.04,2.0,54.42107089353891,54.42107089353891
0.04,3.0,21.85111597527392,34.464147962817705
0.04,4.0,17.51797961720973,42.326037083593356
0.04,5.0,15.736907018512806,53.62138516792198
0.04,6.0,14.830533090496605,68.18253321198439
0.04,7.0,14.306134433153849,85.50870927798285
