t,K,ista_tau,fista_tau
0.04,1.0,227.63455009397904,227.63455009397904
0.04,2.0,54.57299274304724,54.57299274304724
0.04,3.0,21.883733351029193,34.51247400995929
0.04,4.0,17.534701578061657,42.36614213537084
0.04,5.0,15.747094881208605,53.65948271501155
0.04,6.0,14.837395669202154,68.22425190356594
0.04,7.0,14.311073193451277,85.55790677558365
