t,K,ista_tau,fista_tau
0.04,1.0,227.63454491842566,227.63454491842566
0.04,2.0,54.57286456828647,54.57286456828647
0.04,3.0,20.969127382253934,34.46376871703228
0.04,4.0,14.742637926895748,42.259696322708756
0.04,5.0,13.743603400709926,53.51198812205768
0.04,6.0,13.44094235226904,67.98657815987188
0.04,7.0,13.269501232630974,85.1101153448494
